{
  "fu": 1077.2557373046875,
  "fv": 1077.2557373046875,
  "cu": 937.0546875,
  "cv": 533.2606201171875,
  "b": 0.11981203934920807,
  "tf_cam_imu": {
    "x": -0.0020000000949949026,
    "y": -0.023000003769993782,
    "z": 0.0002200000308221206,
    "rot_x": -0.0005033087800256908,
    "rot_y": -0.00198716064915061,
    "rot_z": -0.0013372133253142238,
    "w": 0.9999970197677612
  },
  "tf_cam_rig": {
    "x": 0.14923492978929295,
    "y": 0.04807618221714315,
    "z": 0.04511176378817306,
    "rot_x": 0.5094115665089323,
    "rot_y": -0.49855990020250296,
    "rot_z": -0.5078780956677091,
    "w": -0.483733110049258
  }
}