{
  "fu": 1078.392822265625,
  "fv": 1078.392822265625,
  "cu": 937.05322265625,
  "cv": 533.2611083984375,
  "b": 0.11981204793555586,
  "tf_cam_imu": {
    "x": -0.0020000000949949026,
    "y": -0.023000003769993782,
    "z": 0.0002200000308221206,
    "rot_x": -0.0005033087800256908,
    "rot_y": -0.00198716064915061,
    "rot_z": -0.0013372133253142238,
    "w": 0.9999970197677612
  }
}