{
  "fu": 1077.343017578125,
  "fv": 1077.343017578125,
  "cu": 937.052490234375,
  "cv": 533.2628173828125,
  "b": 0.11981203474802943,
  "tf_cam_imu": {
    "x": -0.0020000000949949026,
    "y": -0.023000003769993782,
    "z": 0.0002200000308221206,
    "rot_x": -0.0005033087800256908,
    "rot_y": -0.00198716064915061,
    "rot_z": -0.0013372133253142238,
    "w": 0.9999970197677612
  },
  "tf_cam_rig": {
    "x": -0.03359351671871856,
    "y": -0.11545112531971213,
    "z": -0.06743037384204749,
    "rot_x": 0.5423985840992201,
    "rot_y": -0.45222587182963114,
    "rot_z": -0.4633719668233799,
    "w": -0.5353335008920366
  }
}