{
  "fu": 1077.5093994140625,
  "fv": 1077.5093994140625,
  "cu": 937.0518188476562,
  "cv": 533.263427734375,
  "b": 0.11981204281384854,
  "tf_cam_imu": {
    "x": -0.0020000000949949026,
    "y": -0.023000003769993782,
    "z": 0.0002200000308221206,
    "rot_x": -0.0005033087800256908,
    "rot_y": -0.00198716064915061,
    "rot_z": -0.0013372133253142238,
    "w": 0.9999970197677612
  },
  "tf_cam_rig": {
    "x": 0.1818417012974324,
    "y": 0.06714124039096318,
    "z": 0.040125536465597834,
    "rot_x": -0.5054371944737099,
    "rot_y": 0.4959981269765024,
    "rot_z": 0.5082860973339041,
    "w": 0.49006565247466155
  }
}