{
  "fu": 1077.4229736328125,
  "fv": 1077.4229736328125,
  "cu": 937.0519409179688,
  "cv": 533.2633666992188,
  "b": 0.11981203736717602,
  "tf_cam_imu": {
    "x": -0.0020000000949949026,
    "y": -0.023000003769993782,
    "z": 0.0002200000308221206,
    "rot_x": -0.0005033087800256908,
    "rot_y": -0.00198716064915061,
    "rot_z": -0.0013372133253142238,
    "w": 0.9999970197677612
  },
  "tf_cam_rig": {
    "x": 0.1481450893047662,
    "y": 0.05691470295373092,
    "z": 0.0113209569982363,
    "rot_x": -0.5031703287537357,
    "rot_y": 0.49337752417625713,
    "rot_z": 0.512970266606809,
    "w": 0.49016297746454035
  }
}