{
  "fu": 1077.3095703125,
  "fv": 1077.3095703125,
  "cu": 937.053466796875,
  "cv": 533.2618408203125,
  "b": 0.11981204364261012,
  "tf_cam_imu": {
    "x": -0.0020000000949949026,
    "y": -0.023000003769993782,
    "z": 0.0002200000308221206,
    "rot_x": -0.0005033087800256908,
    "rot_y": -0.00198716064915061,
    "rot_z": -0.0013372133253142238,
    "w": 0.9999970197677612
  }
}