{
  "fu": 1077.3095703125,
  "fv": 1077.3095703125,
  "cu": 937.053466796875,
  "cv": 533.2618408203125,
  "b": 0.11981204364261012,
  "tf_cam_imu": {
    "x": -0.0020000000949949026,
    "y": -0.023000003769993782,
    "z": 0.0002200000308221206,
    "rot_x": -0.0005033087800256908,
    "rot_y": -0.00198716064915061,
    "rot_z": -0.0013372133253142238,
    "w": 0.9999970197677612
  },
  "tf_cam_rig": {
    "x": 0.1456462403038538,
    "y": 0.03858575581386636,
    "z": 0.0042098122433311645,
    "rot_x": -0.5018006881191077,
    "rot_y": 0.49584514512269895,
    "rot_z": 0.5126800039339393,
    "w": 0.48938009259443277
  }
}