{
  "fu": 1077.04736328125,
  "fv": 1077.04736328125,
  "cu": 937.051513671875,
  "cv": 533.26416015625,
  "b": 0.11981204151976182,
  "tf_cam_imu": {
    "x": -0.0020000000949949026,
    "y": -0.023000003769993782,
    "z": 0.0002200000308221206,
    "rot_x": -0.0005033087800256908,
    "rot_y": -0.00198716064915061,
    "rot_z": -0.0013372133253142238,
    "w": 0.9999970197677612
  },
  "tf_cam_rig": {
    "x": -0.044585919733445625,
    "y": -0.1390615110230757,
    "z": -0.03052244155878455,
    "rot_x": 0.5405562843188068,
    "rot_y": -0.45856826799486955,
    "rot_z": -0.46303277244415925,
    "w": -0.5320852363243189
  }
}