{
  "fu": 1077.343017578125,
  "fv": 1077.343017578125,
  "cu": 937.052490234375,
  "cv": 533.2628173828125,
  "b": 0.11981203474802943,
  "tf_cam_imu": {
    "x": -0.0020000000949949026,
    "y": -0.023000003769993782,
    "z": 0.0002200000308221206,
    "rot_x": -0.0005033087800256908,
    "rot_y": -0.00198716064915061,
    "rot_z": -0.0013372133253142238,
    "w": 0.9999970197677612
  },
  "tf_cam_rig": {
    "x": 0.1216751725277477,
    "y": 0.03844298497179036,
    "z": 0.06489958290926227,
    "rot_x": 0.5413289467567469,
    "rot_y": -0.45818217965432806,
    "rot_z": -0.45995238925318876,
    "w": -0.5342994116323946
  }
}