{
  "fu": 1077.497314453125,
  "fv": 1077.497314453125,
  "cu": 937.053955078125,
  "cv": 533.2611694335938,
  "b": 0.11981204127221713,
  "tf_cam_imu": {
    "x": -0.0020000000949949026,
    "y": -0.023000003769993782,
    "z": 0.0002200000308221206,
    "rot_x": -0.0005033087800256908,
    "rot_y": -0.00198716064915061,
    "rot_z": -0.0013372133253142238,
    "w": 0.9999970197677612
  }
}