{
  "fu": 1077.04736328125,
  "fv": 1077.04736328125,
  "cu": 937.051513671875,
  "cv": 533.26416015625,
  "b": 0.11981204151976182,
  "tf_cam_imu": {
    "x": -0.0020000000949949026,
    "y": -0.023000003769993782,
    "z": 0.0002200000308221206,
    "rot_x": -0.0005033087800256908,
    "rot_y": -0.00198716064915061,
    "rot_z": -0.0013372133253142238,
    "w": 0.9999970197677612
  },
  "tf_cam_rig": {
    "x": 0.1087168599796235,
    "y": 0.027801669665806755,
    "z": 0.031428259536989016,
    "rot_x": 0.5415064952187769,
    "rot_y": -0.4681056108306126,
    "rot_z": -0.45696256756716624,
    "w": -0.5280464606331519
  }
}