{
  "fu": 1077.3095703125,
  "fv": 1077.3095703125,
  "cu": 937.053466796875,
  "cv": 533.2618408203125,
  "b": 0.11981204364261012,
  "tf_cam_imu": {
    "x": -0.0020000000949949026,
    "y": -0.023000003769993782,
    "z": 0.0002200000308221206,
    "rot_x": -0.0005033087800256908,
    "rot_y": -0.00198716064915061,
    "rot_z": -0.0013372133253142238,
    "w": 0.9999970197677612
  },
  "tf_cam_rig": {
    "x": 0.17007968513277405,
    "y": 0.03475299317942242,
    "z": 0.010773307885573725,
    "rot_x": -0.5017968629746102,
    "rot_y": 0.4942677758277609,
    "rot_z": 0.5136226678895603,
    "w": 0.48999084595238
  }
}