{
  "fu": 1077.04736328125,
  "fv": 1077.04736328125,
  "cu": 937.051513671875,
  "cv": 533.26416015625,
  "b": 0.11981204151976182,
  "tf_cam_imu": {
    "x": -0.0020000000949949026,
    "y": -0.023000003769993782,
    "z": 0.0002200000308221206,
    "rot_x": -0.0005033087800256908,
    "rot_y": -0.00198716064915061,
    "rot_z": -0.0013372133253142238,
    "w": 0.9999970197677612
  },
  "tf_cam_rig": {
    "x": 0.15287124857677092,
    "y": 0.01726806274324985,
    "z": 0.061026191802924276,
    "rot_x": 0.5412445891762104,
    "rot_y": -0.4589281679484351,
    "rot_z": -0.462622989642379,
    "w": -0.5314312757124061
  }
}