{
  "fu": 1077.5093994140625,
  "fv": 1077.5093994140625,
  "cu": 937.0518188476562,
  "cv": 533.263427734375,
  "b": 0.11981204281384854,
  "tf_cam_imu": {
    "x": -0.0020000000949949026,
    "y": -0.023000003769993782,
    "z": 0.0002200000308221206,
    "rot_x": -0.0005033087800256908,
    "rot_y": -0.00198716064915061,
    "rot_z": -0.0013372133253142238,
    "w": 0.9999970197677612
  },
  "tf_cam_rig": {
    "x": -0.010361701061743736,
    "y": -0.20172829219172278,
    "z": -0.08141636662890846,
    "rot_x": -0.5029641557482257,
    "rot_y": 0.490486441126841,
    "rot_z": 0.511307257469781,
    "w": 0.4949898964240902
  }
}