{
  "fu": 1077.4891357421875,
  "fv": 1077.4891357421875,
  "cu": 937.0512084960938,
  "cv": 533.2640380859375,
  "b": 0.11981204437716945,
  "tf_cam_imu": {
    "x": -0.0020000000949949026,
    "y": -0.023000003769993782,
    "z": 0.0002200000308221206,
    "rot_x": -0.0005033087800256908,
    "rot_y": -0.00198716064915061,
    "rot_z": -0.0013372133253142238,
    "w": 0.9999970197677612
  },
  "tf_cam_rig": {
    "x": -0.01884973030499261,
    "y": -0.10325712933219383,
    "z": -0.023168508558418646,
    "rot_x": 0.5399933883165605,
    "rot_y": -0.4576199525251324,
    "rot_z": -0.4645721363048211,
    "w": -0.5321314215440304
  }
}