{
  "fu": 1077.5093994140625,
  "fv": 1077.5093994140625,
  "cu": 937.0518188476562,
  "cv": 533.263427734375,
  "b": 0.11981204281384854,
  "tf_cam_imu": {
    "x": -0.0020000000949949026,
    "y": -0.023000003769993782,
    "z": 0.0002200000308221206,
    "rot_x": -0.0005033087800256908,
    "rot_y": -0.00198716064915061,
    "rot_z": -0.0013372133253142238,
    "w": 0.9999970197677612
  },
  "tf_cam_rig": {
    "x": 0.20234033974372487,
    "y": 0.12056570918073493,
    "z": -0.01851252593498938,
    "rot_x": 0.5084608465261885,
    "rot_y": -0.4888940350546889,
    "rot_z": -0.5081602339712292,
    "w": -0.49418960596933037
  }
}