{
  "fu": 1077.5093994140625,
  "fv": 1077.5093994140625,
  "cu": 937.0518188476562,
  "cv": 533.263427734375,
  "b": 0.11981204281384854,
  "tf_cam_imu": {
    "x": -0.0020000000949949026,
    "y": -0.023000003769993782,
    "z": 0.0002200000308221206,
    "rot_x": -0.0005033087800256908,
    "rot_y": -0.00198716064915061,
    "rot_z": -0.0013372133253142238,
    "w": 0.9999970197677612
  },
  "tf_cam_rig": {
    "x": 0.16831653841820204,
    "y": 0.062498527164907856,
    "z": 0.027908891398839307,
    "rot_x": -0.5057375124506688,
    "rot_y": 0.4954480018527797,
    "rot_z": 0.5097273635785874,
    "w": 0.4888137281005112
  }
}