{
  "fu": 1077.04736328125,
  "fv": 1077.04736328125,
  "cu": 937.051513671875,
  "cv": 533.26416015625,
  "b": 0.11981204151976182,
  "tf_cam_imu": {
    "x": -0.0020000000949949026,
    "y": -0.023000003769993782,
    "z": 0.0002200000308221206,
    "rot_x": -0.0005033087800256908,
    "rot_y": -0.00198716064915061,
    "rot_z": -0.0013372133253142238,
    "w": 0.9999970197677612
  },
  "tf_cam_rig": {
    "x": -0.03320449025061594,
    "y": -0.024460316734636577,
    "z": -0.041284787969363086,
    "rot_x": 0.5470646323518139,
    "rot_y": -0.4695991052655808,
    "rot_z": -0.45987529342330213,
    "w": -0.5183740761866595
  }
}